,BY4741_24ave,BY4741_24std,BY4741_37ave,BY4741_37std,elo1_24ave,elo1_24std,elo1_37ave,elo1_37std,elo2_24ave,elo2_24std,elo2_37ave,elo2_37std,elo3_24ave,elo3_24std,elo3_37ave,elo3_37std
TAG 12:0-14:1-16:1,0.030568242,0.009517803,0,0,0.044032868,0.008476102,0,0,0,0,0,0,0.04011415,0.002831324,0,0
TAG 12:0-12:0-18:1,0.007499543,0.000758751,0,0,0.016367474,0.000208316,0,0,0.004780305,0.000417465,0,0,0.010079811,0.00103271,0,0
TAG 12:0-14:0-16:1,0.132488283,0.013404241,0,0,0.112761743,0.001435169,0,0,0.054789645,0.004784786,0.001985773,0.002808307,0.057728871,0.005914511,0,0
TAG 12:0-14:0-16:0,0.073779177,0.00016113,0,0,0.055911778,0.003540375,0,0,0.034945062,0.000571953,0,0,0.001101471,0.001557715,0,0
TAG 12:1-16:1-16:1,0,0,0,0,0,0,0,0,0,0,0,0,0,0,0,0
TAG 12:0-16:1-16:1,0.107667457,0.001674977,0,0,0.173656571,0.000716924,0,0,0.062582417,0.009688028,0,0,0.111527738,0.002402413,0,0
TAG 12:0-16:0-16:1,0.211592654,0.002475929,0,0,0.242891577,0.017199899,0,0,0.131407287,0.004526487,0.016981175,0.002956262,0.093770343,0.004518202,0.014997239,0.008137084
TAG 12:0-16:0-16:0,0.096425679,0.000181572,0.003027191,0.004281095,0.087930573,0.002015581,0,0,0.071668544,0.000943048,0.00972563,0.000996387,0,0,0.003581244,0.000781221
TAG 14:1-16:1-16:1,0.017301816,0.000142183,0,0,0.067166317,0.012104222,0,0,0.002173749,0.003074145,0,0,0.037749553,0.001903199,0,0
TAG 14:0-16:1-16:1,0.190175677,0.004581649,0,0,0.323011977,0.018558918,0.032714256,0.001179151,0.114565299,0.015205078,0.002661635,0.00376412,0.142769784,0.002282198,0.025869995,0.036585698
TAG 12:0-16:1-18:1,0.030391186,0.000732174,0,0,0.069276261,0.003980324,0,0,0.037204209,0.004937733,0.000887031,0.001254451,0.02359641,0.000377192,0,0
TAG 14:0-16:0-16:1,0.165284449,0.008623712,0.006641564,0.000273867,0.221604071,0.007991394,0.045732002,0.003736435,0.12296531,0.016145979,0.014784322,0.001025351,0.062760557,0.004690683,0.041606959,0.004403615
TAG 12:0-16:0-18:1,0.038800877,0.002024435,0,0,0.049447231,0.001783145,0.007446473,0.000608398,0.038764245,0.005089945,0.005842263,0.000405184,0.012319044,0.000920717,0.007617991,0.000806276
TAG 14:0-16:0-16:0,0.014659814,0.004554193,0,0,0.031116426,0.002987094,0,0,0.02186068,0.018562574,0,0,0,0,0,0
TAG 16:1-16:1-16:1,0.607868275,0.019750793,0.083778996,0.001834038,1.020327431,0.051231672,0.057258021,0.002455672,0.345391259,0.011874186,0.1080479,0.014654921,0.337924563,0.006678097,0.22008299,0.015357681
TAG 14:1-16:1-18:1,0.015129459,0.000491585,0,0,0.050328131,0.002527026,0.001815096,7.78E-05,0.01661121,0.000571076,0,0,0.019125187,0.000377954,0,0
TAG 16:0-16:1-16:1,0.794895611,0.036367138,0.230113299,0.014209297,0.839537162,0.054942708,0.143008311,0.003619451,0.488340773,0.001599557,0.199690975,0.013142349,0.244837288,0.017125697,0.297591931,0.012510146
TAG 14:0-16:1-18:1,0.082362155,0.003768137,0.012354963,0.000762908,0.158275281,0.010358175,0.037619049,0.000952115,0.085628204,0.000280475,0.015488237,0.001019334,0.044407229,0.003106164,0.025465946,0.001070535
TAG 16:0-16:0-16:1,0.291100607,0.002519687,0.13550323,0.015525045,0.258481372,0.002624743,0.075920906,0.005952466,0.206477345,0.013008179,0.121120643,0.006970009,0.062545102,0.005060847,0.127107945,0.001716919
TAG 14:0-16:0-18:1,0.042337122,0.000366458,0.010452387,0.001197564,0.069640558,0.000707163,0.027897177,0.002187237,0.053668691,0.003381155,0.011321875,0.000651529,0.016971664,0.001373265,0.017520512,0.00023666
TAG 12:0-14:1-22:0,0.003771806,3.26E-05,0,0,0.011082176,0.000112534,0,0,0.004913566,0.000309557,0,0,0.0043574,0.00035258,0,0
TAG 16:0-16:0-16:0,0,0,0,0,0.002211174,0.003127072,0,0,0.001183507,0.001673732,0,0,0,0,0,0
TAG 16:1-16:1-18:1,0.620930122,0.010921446,0.146103516,0.002706743,1.342799821,0.064907478,0.122984677,0.003614761,0.678520469,0.023085865,0.210565566,0.020875801,0.269475331,0.028374175,0.191455988,0.007413201
TAG 16:1-16:1-18:0,0.420718396,0.013237441,0.169997588,0.008839407,0.518983787,0.034087027,0.109674162,0.003612464,0.443255495,0.016311824,0.173993188,0.007826251,0.10190126,0.009809947,0.125919501,0.001011214
TAG 16:0-16:1-18:1,0.343553863,0.010809544,0.168122571,0.008741912,0.467696491,0.030718461,0.10604885,0.003493053,0.389913901,0.014348851,0.190203546,0.008555397,0.08348391,0.008036925,0.117285441,0.000941877
TAG 16:0-16:1-18:0,0.230282921,0.002265145,0.15511543,0.025984957,0.219515217,0.002378894,0.079121339,0.014279536,0.235989115,0.001596321,0.162869939,0.001677958,0.042811479,0.00020729,0.091590206,0.003354254
TAG 14:0-18:0-18:1,0.038507958,0.000378778,0.027398173,0.004589746,0.053866512,0.000583753,0.024792834,0.004474522,0.055272521,0.000373885,0.031380248,0.000323293,0.01176162,5.69E-05,0.016162192,0.000591898
TAG 12:0-16:1-22:0,0,0,0,0,0,0,0,0,0,0,0,0,0.009982076,4.83E-05,0.003611238,0.000132252
TAG 16:0-16:0-18:0,0,0,0,0,0,0,0,0,0,0,0,0,0,0,0.000869706,0.00122995
TAG 16:1-18:1-18:1,0.173669397,0.007057366,0.047962116,0.011222514,0.510172363,0.030813983,0.048095027,0.003889739,0.417840976,0.022250501,0.104049732,0.01609975,0.063278349,0.007698323,0.023323762,0.007421956
TAG 16:1-18:0-18:1,0.170999837,0.003468243,0.110899663,0.027930716,0.254054231,0.019867151,0.078876142,0.00406963,0.296050353,0.015887356,0.134289063,0.001901352,0.051282158,0.006261897,0.060474179,0.002724955
TAG 16:0-18:1-18:1,0.120970638,0.002453544,0.085395051,0.021507233,0.223617049,0.01748695,0.051639483,0.002664349,0.253862312,0.013623361,0.118102111,0.001672166,0.030361662,0.003707363,0.037295698,0.001680537
TAG 14:1-16:1-22:0,0,0,0,0,0,0,0,0,0,0,0,0,0.006528245,0.000797143,0,0
TAG 16:1-16:1-20:0,0.007242349,0.00014689,0,0,0.010012864,0.00078301,0,0,0,0,0,0,0.007069194,0.000863196,0.013132945,0.000591768
TAG 16:0-18:0-18:1,0.063048647,0.00059388,0.091628201,0.025905892,0.041967478,0.059350976,0.042248545,0.0045237,0.107915908,0.0083136,0.08115351,0.005049697,0.01537012,0.001463913,0.0306622,0.007384259
TAG 16:1-18:0-18:0,0.070167255,0.000660933,0.077194546,0.021825088,0.041671656,0.058932621,0.040019377,0.004285015,0.102979445,0.007933306,0.069051845,0.004296683,0.022974822,0.002188216,0.035402301,0.0085258
TAG 14:0-18:1-20:0,0.0043512,4.10E-05,0,0,0.00246033,0.003479432,0,0,0,0,0,0,0.003685551,0.000351027,0.010832515,0.002608753
TAG 14:0-16:1-22:0,0,0,0,0,0,0,0,0,0,0,0,0,0.008890866,0.000846803,0.009547773,0.002299353
TAG 16:0-16:0-18:0,0.007712905,0.010907695,0,0,0,0,0.002244131,0.003173681,0,0,0,0,0,0,0,0
TAG 18:1-18:1-18:1,0.013000236,0.007426896,0,0,0.081785173,0.001104189,0,0,0.087620459,0.001276234,0.005585303,0.007898812,0.003689622,0.005217913,0.001479928,0.002092934
TAG 18:0-18:1-18:1,0.047253299,0.003169772,0.021949879,0.010693388,0.097002607,0.006088003,0.017414479,0.001133086,0.153739628,0.005318002,0.073094297,0.005381275,0.017832785,0.00107208,0.008872452,0.012547543
TAG 16:1-16:1-22:0,0.015203085,0.001019829,0.00599363,0.002919935,0.021932097,0.001376486,0.004517173,0.000293913,0,0,0,0,0.106346762,0.006393407,0.072594372,0.102663945
TAG 16:1-18:1-20:0,0.006750471,0.000452825,0.002661287,0.001296507,0.005938015,0.000372677,0,0,0,0,0,0,0.00625482,0.00037603,0.006402638,0.009054697
TAG 18:0-18:0-18:1,0.025109483,0.001566636,0.029555095,0.010355304,0.039143458,0.005244301,0.009593887,0.013567805,0.047577842,0.004242622,0.024976886,0.002581591,0.005845992,0.000267648,0.013138808,0.00081373
TAG 14:0-18:1-22:0,0,0,0,0,0.002001469,0.00026815,0,0,0,0,0,0,0.014435686,0.000660911,0.038640079,0.002393107
TAG 16:0-16:1-22:0,0.008713725,0.000543669,0,0,0.00889181,0.001191293,0,0,0,0,0,0,0.019406588,0.000888494,0.063898441,0.00395744
TAG 16:0-18:1-20:0,0.002026275,0.000126424,0,0,0.002001469,0.00026815,0,0,0,0,0,0,0,0,0.008033364,0.000497533
TAG 18:0-18:0-18:0,0.001739415,0.002459904,0,0,0.001396188,0.001974508,0.001474325,0.00208501,0,0,0,0,0,0,0,0
TAG 16:1-16:1-24:0,0.018147148,0.004013558,0,0,0.003382168,0.004783108,0.000905632,0.001280757,0,0,0,0,0.019309664,0.002981894,0.027021719,0.002459009
TAG 16:1-18:1-22:0,0,0,0,0,0.001301714,0.001840901,0,0,0,0,0,0,0.039254866,0.00606193,0.053958895,0.004910325
TAG 14:0-16:1-26:0,0.016880611,0.002872992,0,0,0,0,0.001670804,0.002362874,0,0,0,0,0,0,0,0
TAG 16:0-16:1-24:0,0.011161497,0.001899628,0.005601213,0.007666903,0,0,0,0,0,0,0,0,0,0,0,0
TAG 16:0-18:1-22:0,0,0,0,0,0,0,0,0,0,0,0,0,0.005407476,0.007647326,0.044521412,0.009524095
TAG 14:0-16:0-26:0,0,0,0,0,0,0,0,0,0,0,0,0,0,0,0,0
TAG 16:0-18:0-22:0,0,0,0,0,0,0,0,0,0,0,0,0,0,0,0,0
TAG 16:1-16:1-26:0,0.075247898,0.000719151,0.05523616,0.000586371,0.045649922,0.010457721,0.035955724,0.007638295,0,0,0,0,0,0,0,0
TAG 16:1-18:1-24:0,0.005340173,5.10E-05,0,0,0.00618982,0.001417996,0,0,0,0,0,0,0,0,0,0
TAG 18:1-18:1-22:0,0,0,0,0,0,0,0,0,0,0,0,0,0,0,0,0
TAG 16:0-16:1-26:0,0.040137708,0.003088152,0.025708352,0.004013065,0.036557174,0.012741313,0.026251438,0.001876395,0,0,0.001864651,0.002637014,0,0,0,0
TAG 16:0-18:1-24:0,0.009453283,0.000727325,0.003213544,0.000501633,0.003374508,0.001176121,0,0,0,0,0,0,0,0,0,0
TAG 18:0-18:1-22:0,0,0,0,0,0,0,0,0,0,0,0,0,0,0,0,0
TAG 16:0-16:0-26:0,0,0,0,0,0,0,0,0,0,0,0,0,0,0,0,0
TAG 16:0-18:0-22:0,0,0,0,0,0,0,0,0,0,0,0,0,0,0,0,0
TAG 16:1-18:1-26:0,0.046884704,0.008359476,0.071596832,0.000168453,0.01925107,0.006830984,0.053550316,0.016935727,0,0,0,0,0,0,0,0
TAG 16:0-18:1-26:0,0.031990868,0.008401594,0.036480395,0.00583279,0.013920964,0.010765786,0.018759559,0.001920488,0,0,0,0,0,0,0,0
TAG 16:0-18:0-26:0,0,0,0,0,0,0,0,0,0,0,0,0,0,0,0,0
TAG 18:1-18:1-26:0,0,0,0,0,0,0,0.000746572,0.001055812,0,0,0,0,0,0,0,0
TAG 18:0-18:1-26:0,0.00190122,0.002688731,0,0,0,0,0.009530126,0.002737157,0,0,0,0,0,0,0,0
TAG 18:0-18:0-26:0,0,0,0,0,0,0,0,0,0,0,0,0,0,0,0,0
DAG 12:0-16:1,0.036246698,0.000778141,0,0,0,0,0,0,0.042310344,0.003742828,0.005867608,0.008298051,0.1392457,0.002079094,0.008470965,0.011979753
DAG 12:0-16:0,0.104839133,0.000952932,0.011580423,0.004220205,0.036586846,0.008572449,0.016998096,0.024038938,0.040118662,0.005797995,0.029722697,0.008328085,0.050662997,0.003365995,0.021148856,0.008228414
DAG 14:1-16:1,0,0,0,0,0,0,0,0,0,0,0,0,0.037349093,0.00189011,0,0
DAG 14:0-16:1,0.13680499,0.011649333,0,0,0.127167117,0.002437084,0.106232627,0.014261107,0.065734209,0.003875651,0.020635303,0.006154188,0.212251561,0.019412228,0.067309984,0.000729083
DAG 14:0-16:0,0.013646187,0.004595578,0.004892928,0.001328318,0.022871334,0.006125083,0.03515124,0.049711361,0.007675142,0.002137777,0.011049362,0.002479228,0,0,0.00501342,0.007090047
DAG 16:1-16:1,0.866499313,0.088202116,0.379779958,0.007022107,0.340908868,0.000118813,0.365531111,0.047092089,0.515164721,0.007286347,0.387224752,0.030519732,0.993351306,0.042919443,0.859011699,0.071546523
DAG 16:0-16:1,0.757486686,0.053242357,0.544704226,0.015476353,0.428457787,0.005987997,0.569674618,0.055724231,0.443926586,0.005453308,0.54841221,0.075171519,0.49043666,0.010042079,0.638699586,0.011106254
DAG 16:0-16:0,0,0,0.019352805,8.21E-05,0,0,0.008453871,0.011955578,0,0,0.019975544,0.028249686,0,0,0,0
DAG 16:1-18:1,0.830893976,0.0697673,0.644247863,0.039230754,0.377741835,0.019560578,0.729643579,0.107312351,1.02661651,0.040438108,0.860840122,0.078890287,0.713979833,0.026017765,0.825597219,0.019385439
DAG 16:0-18:1,0.687737584,0.035989597,0.858908074,0.042377707,0.444774725,0.008410537,0.857855255,0.074761013,0.841136322,0.061910946,1.031927304,0.07689469,0.392869861,0.013951685,0.519556331,0.007489898
DAG 18:1-18:1,0.020565862,0.0007029,0.018071234,0.006673584,0.009783709,0.00178609,0.032918977,0.000351849,0.190395203,0.006159596,0.086251842,0.024442779,0.006436749,0.009102938,0.012969364,0.004472502
DAG 18:0-18:1,0.153175184,0.020586875,0.23688189,0.034674643,0.121043601,0.001587866,0.331735796,0.042445021,0.476172944,0.017923496,0.502307621,0.024271354,0.052348584,0.020036979,0.013492003,9.87E-05
LPA 10:0,0,0,0,0,0,0,0,0,0,0,0,0,0,0,0,0
LPA 12:0,0,0,0,0,0,0,0,0,0,0,0,0,0,0,0,0
LPA 14:1,0,0,0,0,0,0,0,0,0,0,0,0,0,0,0,0
LPA 14:0,0,0,0,0,0,0,0.004148268,0.002238404,0,0,0,0,0,0,0,0
LPA 16:2,0,0,0,0,0,0,0,0,0,0,0,0,0,0,0,0
LPA 16:1,0.250176082,0.057210641,0.199790626,0.005810866,0.220295487,0.02054094,0.156108524,0.004686984,0.226679714,0.008802192,0.234235038,0.004211371,0.216424854,0.004346106,0.279715152,0.019773197
LPA 16:0,0.0499044,0.01337946,0.081256606,0.002929079,0.06480096,0.012377601,0.05745933,0.010483398,0.001470528,0.00207964,0.021624785,0.008940394,0,0,0.013808088,0.006488962
LPA 18:2,0,0,0,0,0,0,0,0,0,0,0,0,0,0,0,0
LPA 18:1,0.078306112,0.030609189,0.171416269,0.012418422,0.101359983,0.000925496,0.122715929,0.000837236,0.154032446,0.006088238,0.166695048,0.017770335,0.019689741,0.001100439,0.089449186,0.026604806
LPA 18:0,0,0,0,0,0,0,0,0,0,0,0,0,0,0,0,0
LPA 22:0,0,0,0,0,0,0,0,0,0,0,0,0,0,0,0,0
LPA 24:0,0,0,0,0,0,0,0,0,0,0,0,0,0,0,0,0
LPA 26:0,0,0,0,0,0,0,0,0,0,0,0,0,0,0,0,0
PA 12:0-16:1,0.220658079,0.024837646,0.055204454,0.001390265,0.136594076,0.012151704,0.05753748,0.000521209,0.098683489,0.001964024,0.037831181,0.002979802,0.294632031,0.015039011,0.124936815,0.000506622
PA 12:0-16:0,0.112607752,0.006900007,0.116392991,0.000254811,0.080307503,0.000727905,0.132102761,0.006944031,0.036238283,0.003284017,0.038550214,0.000446459,0.056645037,0.007649205,0.11100832,0.001504823
PA 14:1-16:0,0.053741005,0.002452603,0.00985215,0.013933044,0.098635236,0.002434386,0.074958723,0.002937625,0.019551869,0.001843604,0,0,0.06010675,0.006078846,0.031192255,0.003527833
PA 14:0-16:1,0.234228648,0.015508065,0.075649127,0.003087023,0.305694524,0.000975996,0.265533474,0.001603365,0.06142794,0.000633977,0.043108598,0.005669442,0.197098288,0.00147284,0.169976552,0.012020194
PA 16:1-16:1,2.412777436,0.400342657,1.270424349,0.026015329,1.979658329,0.070264351,1.082114665,0.04381615,1.820063567,0.032430106,1.565839888,0.0029913,3.061312409,0.428298606,3.137766141,0.048989225
PA 16:0-16:1,1.158935874,0.040879822,1.218266818,0.092539162,0.83891264,0.041742837,0.88948144,0.014201215,0.311524028,0.012681572,0.514820662,0.016939218,0.465687224,0.00285342,0.923961542,0.002795231
PA 16:0-16:0,0.004270967,0.006040059,0.152953751,0.002706617,0,0,0.119991334,0.00112669,0.004073361,0.001825293,0.02528173,0.005613768,0,0,0.080581246,0.011725335
PA 16:1-18:1,3.037968325,0.17006358,3.079205786,0.163916378,3.021458255,0.089208556,3.236251589,0.099213493,3.892562296,0.027864155,4.2985016,0.238323258,3.234649698,0.268123045,4.495675483,0.09479291
PA 16:0-18:1,0.756321356,0.074858942,1.099767752,0.082829496,0.781536805,0.022730382,0.990011033,0.010253744,0.382004377,0.004691646,0.650206197,0.041575566,0.183960077,0.00235932,0.415390087,0.02141829
PA 18:0-16:1,0.092831063,0.015214721,0.080781286,0.007695176,0.03175088,0.044902526,0.098511958,0.011863929,0.053874335,0.013481246,0.052730713,0.009826556,0.045720815,0.002593052,0.064474975,0.006858609
PA 18:1-18:1,0.200605334,0.030094339,0.28895623,0.024044008,0.187425041,0.007817091,0.313897247,0.02045024,0.368975787,0.005586588,0.284422894,0.014257463,0.15208669,0.001130648,0.233359512,0.017820589
PA 18:0-18:1,0.056550393,0.011344385,0.108408339,0.011647602,0.083262768,0.020368164,0.046994198,0.066459833,0.079573313,0.003049287,0.051663379,0.073063051,0.018899631,0.026728114,0.029650333,0.041931903
LPS 10:0,0,0,0,0,0,0,0,0,0,0,0,0,0,0,0,0
LPS 12:0,0,0,0,0,0,0,0,0,0,0,0,0,0,0,0,0
LPS 14:1,0,0,0,0,0,0,0,0,0,0,0,0,0,0,0,0
LPS 14:0,0,0,0,0,0,0,0,0,0,0,0,0,0,0,0,0
LPS 16:1,0,0,0,0,0,0,0,0,0,0,0,0,0,0,0,0
LPS 16:0,0,0,0,0,0.019385886,0.000937389,0,0,0,0,0,0,0,0,0,0
LPS 18:1,0,0,0.00766262,0.003658392,0,0,0,0,0,0,0.009328061,0.001081839,0,0,0.002666004,0.0037703
LPS 18:0,0,0,0,0,0,0,0,0,0,0,0,0,0,0,0,0
PS 12:0-16:1,0.029534411,0.001930224,0.013847798,0.019583744,0.033186288,0.004378116,0.027900852,0.003099762,0.011495271,0.016256768,0.012558753,0.017760759,0.044052083,0.001941048,0.052945701,0.002881344
PS 12:0-16:0,0.005085705,0.007192272,0.005168118,0.007308822,0.008980402,0.012700206,0,0,0,0,0,0,0,0,0,0
PS 14:1-16:0,0,0,0,0,0,0,0.007341859,0.010382956,0,0,0,0,0,0,0,0
PS 14:0-16:1,0,0,0.008455498,0.01195788,0.044874975,0.001821515,0.0599682,0.000295407,0,0,0.006622985,0.009366315,0.009891149,0.013988197,0.029371651,0.003219963
PS 16:1-16:1,0.402019071,0.015168673,0.546618823,0.032779694,0.286535762,0.001084234,0.438915416,0.02565353,0.295461048,0.0045238,0.638683246,0.017973555,0.545059167,0.044498324,0.778370175,0.06213787
PS 16:0-16:1,0.24575155,0.049383396,0.316941509,0.011020254,0.279550682,0.005999213,0.227117626,0.009032101,0.039850305,0.005788239,0.123209368,0.003994269,0.044518445,0.002939073,0.100839392,0.003800904
PS 16:0-16:0,0.00464196,0.001066853,0.021281767,0.002573824,0.004062208,0.005744829,0.01355287,0.004546269,0,0,0,0,0,0,0.007055714,0.001855023
PS 16:1-18:1,0.843976916,0.108426314,1.61747428,0.067492997,0.835070415,0.041441694,1.846412597,0.029763716,1.212262847,0.096270948,2.548383461,0.05070969,0.826804892,0.013518403,1.374407656,0.012527132
PS 16:0-18:1,0.251187379,0.019665881,0.381225329,0.003742878,0.414263496,0.010152867,0.348854347,0.004745877,0.059423276,0.004855027,0.185464263,0.008138461,0.020761403,0.003451264,0.05557863,0.007615826
PS 18:0-16:1,0,0,0,0,0,0,0,0,0,0,0,0,0,0,0,0
PS 18:1-18:1,0.013993045,0.002601355,0.013881956,0.002112766,0.013086201,0.001987019,0.019816016,0.001162068,0.02157837,0.000373758,0.025590449,0.001579506,0.007113387,0.000538034,0.011474727,0.000760661
PS 18:0-18:1,0.005563776,0.007868367,0,0,0,0,0,0,0,0,0.008803499,0.012450028,0,0,0,0
LPE 10:0,0,0,0,0,0,0,0,0,0,0,0,0,0,0,0,0
LPE 12:0,0,0,0,0,0,0,0,0,0,0,0,0,0,0,0,0
LPE 14:1,0,0,0,0,0,0,0,0,0,0,0,0,0,0,0,0
LPE 14:0,0.003123185,0.000612074,0,0,0,0,0,0,0,0,0,0,0,0,0,0
LPE 16:1,0.681824304,0.113764764,0.14615353,0.009207051,0.171932121,0.019513419,0.080557336,0.058144539,0.294121621,0.003195136,0.149813018,0.028981473,0.547109842,0.011400379,0.296709772,0.00471139
LPE 16:0,0.010770418,0.00496633,0,0,0.106980424,0.014268777,0.002894406,0.004093309,0,0,0,0,0,0,0,0
LPE 18:1,0.544124379,0.157597443,0.265543293,0.030267523,0.194849617,0.029068743,0.122979958,0.090455788,0.477810599,0.000946808,0.352562554,0.139690067,0.308180377,0.045136291,0.3126929,0.007504848
LPE 18:0,0,0,0,0,0,0,0,0,0,0,0.005043803,0.000964092,0,0,0.001293293,0.001828993
LPE 22:0,0,0,0,0,0,0,0,0,0,0,0,0,0,0,0,0
LPE 24:0,0,0,0,0,0,0,0,0,0,0,0,0,0,0,0,0
LPE 26:0,0,0,0,0,0,0,0,0,0,0,0,0,0,0,0,0
PE 12:0-16:1,0.545408778,0.06207353,0.06303482,0.089144697,0.325248915,0.012345178,0.144500965,0.021923983,0.164656568,0.00797861,0.052986308,0.074933955,0.523011048,0.002628335,0.076515112,0.10820871
PE 12:0-16:0,0.050031315,0.00924678,0,0,0.037768999,0.053413431,0,0,0,0,0,0,0,0,0,0
PE 14:1-16:0,0.046440559,0.00557533,0,0,0.089301168,0.002368195,0,0,0,0,0,0,0,0,0,0
PE 14:0-16:1,0.28512647,0.002106236,0,0,0.354552536,0.022933584,0.364679034,0.038621695,0.032405326,0.045828052,0.03745736,0.052972706,0.162793971,0.00803125,0.05313852,0.075149215
PE 16:1-16:1,6.614716215,0.853640345,2.738455861,0.229409031,4.085412814,0.159897567,2.663171651,0.21310077,3.71858355,0.010072041,2.820811415,0.215035272,7.697825642,0.803614613,4.833372348,0.497953034
PE 16:0-16:1,0.726105816,0.006654812,0.551637359,0.055779213,0.581857262,0.065947175,0.467249644,0.027453451,0,0,0.392761429,0.135862903,0.085104966,0.120356597,0.083002462,0.117383207
PE 16:0-16:0,0,0,0,0,0,0,0.011735992,0.016597199,0,0,0,0,0,0,0,0
PE 16:1-18:1,5.782442714,0.380705867,3.465981246,0.730970395,4.24722606,0.081086573,4.467926585,0.174594215,6.232734178,0.330719528,5.485277235,0.065103997,5.426251432,0.236237785,4.053016878,0.050369221
PE 16:0-18:1,0.434524834,0.036979399,0.284171946,0.139722634,0.372720007,0.13820951,0.30817111,0.093158401,0.06779659,0.095878857,0.303466267,0.08253855,0,0,0.098034729,0.138642044
PE 18:0-16:1,0,0,0,0,0,0,0,0,0,0,0,0,0,0,0,0
PE 18:1-18:1,0.362066874,0.006754822,0.192726562,0.121038335,0.379637204,0.021391934,0.31905994,0.066550812,0.823661347,0.161792125,0.831622507,0.043975344,0.353250522,0.010139347,0.254836945,0.010837279
PE 18:0-18:1,0,0,0,0,0,0,0.044444088,0.062853432,0,0,0.063948413,0.090436712,0,0,0,0
LPC 10:0,0,0,0,0,0,0,0,0,0,0,0,0,0,0,0,0
LPC 12:0,0,0,0,0,0,0,0,0,0,0,0,0,0,0,0,0
LPC 14:1,0,0,0,0,0,0,0,0,0,0,0,0,0,0,0,0
LPC 14:0,0.002051553,0.002901334,0,0,0.001307709,0.00184938,0.034523892,0.008689883,0,0,0,0,0,0,0.003574312,0.00505484
LPC 16:1,1.021619299,0.088949269,0.60659427,0.012121377,0.332264877,0.01525952,0.410341262,0.0142179,0.824772135,0.008420048,0.453341857,0.015038325,0.725391476,0.005452248,0.768140113,0.022457071
LPC 16:0,0.03871885,0.002224583,0.14177406,0.000502363,0.073217419,0.002788321,0.069864658,0.012535819,0.001970693,0.002786981,0.086879772,0.018430702,0,0,0.050828761,0.011224971
LPC 18:1,0.491204935,0.043053254,0.535492706,0.02510881,0.244760333,0.00375416,0.420391426,0.013555843,0.767255871,0.004002294,0.500115211,0.029420811,0.180023597,0.00801628,0.27570804,0.003566321
LPC 18:0,0,0,0.00533011,0.00101148,0.040227536,0.009703719,0.002277032,0.00322021,0,0,0,0,0,0,0,0
PC 10:0-16:1,0.214857225,0.027287598,0.128700233,0.011604851,0.110562236,0.006574774,0.124007422,0.010176326,0.143878681,0.035968069,0.067779025,0.019101771,0.216461672,0.053215842,0.115752723,0.017073484
PC 10:0-16:0,0.038250046,0.001923666,0.083306328,0.013446074,0.039136098,0.00132779,0.09202979,0.005588408,0.00945489,0.005873613,0.055379774,0.01057041,0.018005252,0.001775939,0.057653943,0.018908039
PC 12:0-16:1,0.37732888,0.002724619,0.316066246,0.016308486,0.272884317,0.004452147,0.366713853,0.007904201,0.190439198,0.002079706,0.144272287,0.010024293,0.510317792,0.005447016,0.300335607,0.000109796
PC 12:0-16:0,0.07087585,0.003839518,0.229776456,0.012446796,0.082303595,0.002517047,0.271117484,0.001231833,0.039111239,0.00332385,0.111872513,0.007123151,0.056394546,0.003755781,0.199804042,0.004143359
PC 14:1-16:1,0.269718026,0.002264969,0.034713685,0.000646566,0.395381556,0.038106239,0.255911895,0.016678701,0.16885075,0.009395759,0.028824563,0.002147776,0.745227091,0.024769776,0.164443232,0.004735183
PC 14:0-16:1,0.495878542,0.012506533,0.39489515,0.005014552,0.749429337,0.010976606,1.543490893,0.078005646,0.223201972,0.003410109,0.265872462,0.003764194,0.551643605,0.0145328,0.704725644,0.019284176
PC 14:0-16:0,0.029285719,0.018098977,0.131162421,0.012976612,0.050766893,0.001352616,0.291312718,0.014746951,0.026436689,0.013949414,0.063612958,0.010371703,0.025451908,0.006216208,0.158793201,0.010639349
PC 16:1-16:1,5.721145631,0.1647051,4.064200644,0.09651678,3.866853327,0.004288577,3.654823227,0.116558847,4.658212114,0.029540348,2.495092967,0.015577083,6.613947429,0.269536459,4.903473171,0.095436819
PC 16:0-16:1,1.419176092,0.119038108,3.224039765,0.021023927,1.511576386,0.004266693,2.801818305,0.037723257,0.598511176,0.01270265,2.481997244,0.076892399,0.676088899,0.027540131,3.074376481,0.009108709
PC 16:0-16:0,0.04323894,0.00592584,0.069793878,0.030248025,0.03412346,0.022199893,0.094272305,0.002935857,0.030336358,0.012719733,0.051087879,0.030161146,0.023239753,0.011914285,0.050764028,0.028238358
PC 16:1-18:1,4.632936604,0.123389282,5.458891903,0.019955128,3.639167577,0.040316549,5.907827222,0.219806089,6.466194641,0.139716595,4.08197001,0.043431539,4.412510161,0.069269141,3.825062947,0.050524633
PC 16:0-18:1,0.533406122,0.049480225,2.396000335,0.006876645,0.76107008,0.026988286,2.127278422,0.038158369,0.304246317,0.021907613,1.885125119,0.0144316,0.11203531,0.055407927,1.12482517,0.001444867
PC 16:0-18:0,0,0,0,0,0,0,0,0,0.011334769,0.004185918,0,0,0.012111182,0.003710262,0,0
PC 18:1-18:1,0.322940699,0.004271427,0.574495905,0.031363222,0.302496344,0.013635564,0.663582101,0.061002401,0.92961738,0.001249898,0.627182388,0.022289521,0.261364735,0.00662602,0.296416176,0.00407196
PC 18:0-18:1,0.05726942,0.01489735,0.500573075,0.002977894,0.124339756,0.010489609,0.563813403,0.020944325,0.019505546,0.00149873,0.356015156,0.024508269,0.020044539,0.005470387,0.171660775,0.009061222
PC 18:0-18:0,0.034270878,0.003879674,0.037879659,0.004856854,0.029201168,0.00034644,0.031644034,0.021848795,0.009436048,0.005890033,0.019483558,0.000577126,0.024049835,0.00353971,0.033788356,0.006002126
LPI 12:0,0.003848367,0.00025686,0,0,0,0,0,0,0.000950061,0.00012358,0.000437681,0.000618975,0.018740602,0.001448975,0.018315469,0.005514419
LPI 14:1,0.000397332,0.000561912,0,0,0,0,0,0,0,0,0,0,0.026494524,0.000430524,0.004453148,0.001650973
LPI 14:0,0,0,0,0,0,0,0.003671514,0.001085555,0,0,0,0,0.004029819,0.00019231,0.003588527,0.002824803
LPI 16:1,0.156940249,0.001640589,0.150810867,0.002376304,0.010629857,0.004186648,0.089772639,0.004460514,0.110483009,0.004534592,0.092921351,0.001287054,0.239999953,0.001825189,0.456007515,0.015566864
LPI 16:0,0.077375384,0.006188452,0.120039223,0.007642726,0.412776718,0.01359363,0.092795417,0.003620668,0.183741268,0.014483387,0.17531257,0.013973591,0.162780451,0.001284302,0.225436868,0.003975978
LPI 18:1,0.119618646,0.010398681,0.227257512,0.002922425,0.015913482,0.006981919,0.163987467,0.00677,0.214561295,0.010052315,0.199651583,0.001535407,0.141782852,0.002230034,0.31346307,0.004129324
LPI 18:0,0.022072434,0.002412674,0.036607982,0.003548663,0.480762175,0.001235005,0.034312726,6.89E-05,0.270020879,0.001658856,0.158807086,0.005736878,0.115693979,0.004799528,0.093414175,0.001063388
LPI 22:0,0,0,0,0,0,0,0,0,0,0,0,0,0.074952429,0.002677111,0.043091868,0.001799939
LPI 24:0,0,0,0,0,0,0,0,0,0,0,0,0,0,0,0,0
LPI 26:0,0,0,0,0,0,0,0,0,0,0,0,0,0,0,0,0
PI 10:0-16:1,0.101383664,0.004560878,0,0,0.054024793,0.019377045,0.012695168,0.017953679,0.061099102,0.008543713,0,0,0.192921979,0.004222474,0,0
PI 10:0-16:0,0.908379986,0.029661164,0.463410003,0.037051688,0.410852865,0.021795442,0.265433699,0.020511434,0.519157341,0.009588464,0.385816399,0.012596137,0.97709331,0.026998657,0.406079023,0.007814326
PI 12:0-14:0,0.101978486,0.004836694,0,0,0.118067728,0.006919509,0.062174657,0.011823913,0.062635415,0.004536032,0,0,0.238505971,0.013143154,0.048549828,0.010151379
PI 12:0-16:1,0.236774691,0.018960403,0.067012386,0.006637896,0.148960595,0.004383944,0.064086021,0.000311224,0.138722077,0.012663505,0.04245877,1.59E-05,0.554991054,0.006127157,0.14708092,0.002671546
PI 14:0-14:1,0.026584206,0.005330017,0,0,0.083682555,0.013072018,0.042393932,0.004863878,0.018909618,0.000958763,0,0,0.126522362,0.005153306,0,0
PI 14:0-14:0,0.022705587,0.002387015,0,0,0.054042452,0.002437768,0.109369583,0.008006491,0.015543791,0.004665794,0,0,0.020477593,0.000111613,0.031925629,0.004347339
PI 12:0-16:0,1.609203342,0.077866957,0.896941731,0.058983183,1.244319261,0.116305891,0.823492552,0.006603731,1.142666881,0.085201114,0.857750143,0.00704434,1.728934833,0.055741124,1.371252074,0.074577361
PI 10:0-18:0,0.226036343,0.01307091,0.091546226,0.014667434,0.127701844,0.007006227,0.064031782,0.001279988,0.255234422,0.024151093,0.137012283,0.019212353,0.240662238,0.006431311,0.085930064,0.009997127
PI 14:1-16:1,0.064792086,0.005163122,0,0,0.052460493,0.07419034,0.062574928,0.007123786,0.044907287,0.001110518,0,0,0.246964647,0.003923283,0.056905172,0.016859217
PI 14:1-16:0,0.525433243,0.010237127,0.087919758,0.004852397,0.631395587,0.03448682,0.642881991,0.00932431,0.37262175,0.036478407,0.098727288,0.017923251,1.339949136,0.00261471,0.402630492,0.006145741
PI 14:0-16:1,0.47159558,0.005581805,0.14647275,0.018483353,0.440508781,0.038069363,0.583273344,0.033702263,0.287514827,0.020591286,0.110201106,0.001696822,1.037511097,0.02476217,0.382945075,0.0036137
PI 12:0-18:0,0.320871433,0.028113814,0.183208018,0.006127131,0.414768687,0.007378724,0.214497092,0.014208845,0.445739081,0.016702114,0.317961294,0.014947177,0.373291063,0.010109112,0.292337248,0.00168371
PI 14:0-16:0,0.210523388,0.001607588,0.395216413,0.017992524,0.30669188,0.023344993,1.307562519,0.023051476,0.10759954,0.009599363,0.295020855,0.01401776,0.126559167,0.008371956,0.692268567,0.024772005
PI 16:1-16:1,1.140076642,0.025146057,1.098379304,0.091456368,0.723067904,0.00550953,0.879149173,0.055328751,0.813195682,0.032847277,0.597790627,0.006292953,1.817151149,0.028469438,1.231868399,0.041236112
PI 16:0-16:1,5.867093997,0.039987838,8.733054275,0.434486751,3.961164755,0.139152878,6.177125897,0.07175293,5.713999263,0.163102281,6.726855301,0.318047516,7.538992297,0.237953102,9.096000688,0.411921788
PI 14:0-18:1,0.262911435,0.008699619,0.122708132,0.009769804,0.358180476,0.002081024,0.897485253,0.007683009,0.430605114,0.013147014,0.17430064,6.53E-05,0.512451671,0.017469959,0.233178391,0.029635808
PI 14:1-18:0,0.120469777,0.014417487,0.00985388,0.013935491,0.204299142,0.002743111,0.176497314,0.002851835,0.176069534,0.005419778,0.046506661,0.007685658,0.337109033,0.02419169,0.098980372,0.002005741
PI 16:0-16:0,0.078407272,0.005519179,0.550081771,0.031545749,0.105148132,0.022459864,0.343007767,0.002951849,0.079125428,0.000402631,0.309272734,0.000115804,0.094811137,0.001310129,0.410878427,0.046146112
PI 16:1-18:1,0.828030202,0.051087284,1.457186866,0.074456272,0.672070188,0.037406058,1.603734337,0.06295087,1.39041044,0.079192382,0.97088885,0.08931609,1.351769575,0.00115511,0.947688314,0.056157523
PI 16:0-18:1,4.003086615,0.178111727,10.78921786,0.666520864,3.774100109,0.166792925,9.859899679,0.145681728,8.263710637,0.023012179,10.72959701,0.320845745,4.39934227,0.035212913,6.298052408,0.023519435
PI 18:0-16:1,2.051578587,0.113389774,2.604864388,0.069890576,1.686761688,0.132725878,2.324833046,0.047626135,3.618559118,0.096483941,3.525365086,0.23869093,2.528602088,0.006277161,2.710271303,0.002093096
PI 18:1-18:1,0.074619459,0.01910359,0.13255174,0.001343437,0.084599178,0.003313692,0.167823775,0.009485315,0.361012312,0.00844261,0.192378033,0.010463567,0.143484263,0.014376584,0.1223541,0.032267205
PI 18:0-18:1,0.994033202,0.082322711,2.403245976,0.001457248,1.091787622,0.001275511,2.803346911,0.040119063,4.112419674,0.039331698,4.09481852,0.105087145,1.023276179,0.020514086,1.269424265,0.011247942
PG 16:1-16:1,0.022541333,0.003324123,0.021962826,0.006619131,0.027926422,0.003295051,0.027247539,0.009208243,0.014005584,0.008547775,0.020079849,0.005578105,0.018809853,0.003213786,0.025096389,0.001746015
PG 16:0-16:1,0.020065464,0.00157589,0.010853808,0.015349603,0.020810534,0.002153234,0.015354729,0.002160735,0,0,0.007056063,0.00997878,0.005999994,0.008485272,0.01247558,0.017643135
PG 16:1-18:1,0.013953237,0.000924363,0,0,0.024080588,0.003756689,0,0,0.006510099,0.009206671,0.008385615,0.011859051,0,0,0,0
PG 16:0-18:1,0,0,0.008839826,0.012501402,0.015608096,0.002351489,0.0072209,0.010211895,0.020435818,0.000105819,0.024616039,0.002262817,0.006302597,0.008913218,0.012759911,0.018045238
PG 18:1-18:1,0,0,0,0,0,0,0,0,0.002330452,0.003295757,0.002792409,0.003949062,0,0,0,0
PG 18:0-18:1,0,0,0,0,0.005218182,0.007379624,0,0,0,0,0,0,0,0,0,0
CL 16:1-16:1-16:1-16:1,0.119146745,0.01195649,0.094299072,0.009019705,0.087387306,0.006180702,0.107049013,0.005799666,0.025413127,0.008076249,0,0,0.188035017,0.021211316,0.188065444,0.01495028
CL 16:0-16:1-16:1-16:1,0,0,0,0,0,0,0,0,0.031870719,0.015599738,0.008600201,0.012162521,0,0,0,0
CL 16:0-16:0-16:1-16:1,0,0,0,0,0.006698156,0.009472623,0,0,0,0,0.009874455,0.000857941,0,0,0.003401851,0.004810944
CL 16:1-16:1-16:1-18:1,0.25158887,0.039189072,0.400806227,0.055628473,0,0,0.374390389,0.0082407,0.103746708,0.007700981,0.102770015,0.145338748,0.284913694,0.002299977,0.352735687,0.033686527
CL 16:0-16:1-16:1-18:1,0,0,0,0,0,0,0,0,0,0,0,0,0,0,0,0
CL 16:0-16:0-16:1-18:1,0.157856057,0.001760949,0.086177395,0.006301663,0.075176389,0.001300983,0.071852575,0.000348246,0.121639911,0.002114708,0.08714169,0.017966742,0.130732977,0.028481268,0.071285968,0.006172425
CL 16:1-16:1-18:1-18:1,0.174494117,0.035599125,0.543453404,0.105291944,0.153311526,0.006633335,0.532009568,0.040489374,0.182319925,0.044763827,0.306937599,0.063676249,0.161544201,0.000471588,0.211796887,0.02081204
CL 16:0-16:1-18:1-18:1,0,0,0,0,0,0,0,0,0,0,0,0,0,0,0,0
CL 16:0-16:1-18:0-18:1,0.022450729,0.002779491,0.010866143,0.015367046,0.017070766,0.005318558,0.009711619,0.002006478,0.068182799,0.004119596,0.036160181,0.006886128,0.004381923,0.001501102,0.002371518,0.00028162
CL 16:1-18:1-18:1-18:1,0.068701339,0.011954035,0.33799318,0.070644101,0.059965418,0.027185948,0.407196476,0.002297411,0.146793852,0.019466913,0.27740189,0.058091948,0.036014613,0.004800946,0.076191245,0.009414287
CL 16:0-18:1-18:1-18:1,0,0,0,0,0,0,0,0,0,0,0,0,0,0,0,0
CL 16:0-18:0-18:1-18:1,0.153432903,0.006202536,0.129679811,0.01096252,0.085584419,0.00343179,0.123144904,0.01240277,0.190765648,0.023543422,0.158285115,0.020626377,0.109969183,0.025665368,0.069150811,0.004500321
CL 18:1-18:1-18:1-18:1,0.002254641,0.003188544,0.039830797,0.008441406,0.001911639,0.002703466,0.106341886,0.002607316,0.02214912,0.012209192,0.061197286,0.017004625,0,0,0.001230391,0.001740036
CL 18:0-18:1-18:1-18:1,0.002806311,0.001627691,0.001843392,0.002606949,0,0,0,0,0.004972867,0.007032697,0.008692876,0.000620844,0.000608042,0.000859901,0,0
LCB 16:0;2,0,0,0,0,0,0,0,0,0,0,0,0,0,0,0,0
LCB 16:0;3,0,0,0,0,0,0,0,0,0,0,0,0,0.051382688,0.020405583,0,0
LCB 18:0;2,0,0,0,0,0,0,0,0,0,0,0,0,0,0,0,0
LCB 18:0;3,0.063094884,0.045464331,0.004453457,0.006298139,0,0,0,0,3.824532747,0.303589598,1.340984772,0.513036692,4.87147135,0.028153728,1.928862692,0.211365683
LCB 20:0;2,0,0,0,0,0,0,0,0,0,0,0,0,0,0,0,0
LCB 20:0;3,0,0,0,0,0,0,0,0,0.008414292,0.000224175,0.510395699,0.212273061,0,0,0.469675551,0.091026483
LCBP 16:0;2,0,0,0,0,0,0,0,0,0,0,0,0,0,0,0,0
LCBP 16:0;3,0,0,0,0,0,0,0,0,0,0,0,0,0,0,0,0
LCBP 18:0;2,0,0,0,0,0,0,0,0,0,0,0,0,0,0,0,0
LCBP 18:0;3,0,0,0,0,0,0,0,0,0.433098498,0.046750335,0,0,0.288934205,0.073502768,0,0
LCBP 20:0;2,0,0,0,0,0,0,0,0,0,0,0,0,0,0,0,0
LCBP 20:0;3,0,0,0,0,0,0,0,0,0,0,0,0,0,0,0,0
Cer 18:0;3-16:0;0,0,0,0,0,0,0,0,0,0.031098347,0.003229716,0.008400161,0.011879622,0.016008096,0.008636306,0,0
Cer 18:0;3-16:0;1,0,0,0,0,0,0,0,0,0,0,0,0,0,0,0,0
Cer 18:0;3-18:0;1,0,0,0,0,0,0,0,0,0.004537373,0.006416814,0.005164349,0.007303492,0,0,0,0
Cer 18:0;3-20:0;0,0,0,0,0,0,0,0,0,0,0,0,0,0,0,0,0
Cer 18:0;3-20:0;1,0,0,0,0,0,0,0,0,0,0,0,0,0.009381112,0.000235574,0,0
Cer 18:0;3-22:0;0,0,0,0,0,0,0,0,0,0,0,0,0,0.022244054,0.015454916,0.040777203,0.004594886
Cer 18:0;2-24:0;0,0,0,0,0,0,0,0,0,0,0,0,0,0,0,0,0
Cer 18:0;3-22:0;1,0,0,0,0,0,0,0,0,0,0,0,0,0.078101114,0.007069837,0.108509095,0.008175729
Cer 18:0;3-24:0;0,0,0,0,0,0,0,0,0,0,0,0,0,0,0,0,0
Cer 18:0;2-26:0;0,0,0,0,0,0,0,0,0,0,0,0,0,0,0,0,0
Cer 18:0;3-24:0;1,0,0,0.005233229,0.007400904,0.013824222,0.007518574,0,0,0.041194575,0.012881883,0.01306441,0.002825525,0.029432582,0.003116914,0.007902152,0.011175331
Cer 18:0;3-26:0;0,0,0,0.010312487,0.000217749,0,0,0.004988375,0.007054628,0,0,0,0,0,0,0,0
Cer 20:0;3-24:0;1,0,0,0,0,0,0,0,0,0,0,0,0,0,0,0,0
Cer 18:0;3-24:0;2,0,0,0,0,0,0,0,0,0,0,0,0,0,0,0,0
Cer 20:0;2-26:0;0,0,0,0,0,0,0,0,0,0,0,0,0,0,0,0,0
Cer 18:0;3-26:0;1,0.069340645,0.004895465,0.143949867,0.006597947,0.174514348,0.01604863,0.148502666,0.027491333,0.014777764,0.001559936,0.069065319,0.000640998,0,0,0,0
Cer 20:0;3-24:0;1,0,0,0,0,0,0,0,0,0,0,0,0,0,0,0,0
Cer 20:0;3-26:0;0,0,0,0,0,0,0,0,0,0,0,0,0,0,0,0,0
Cer 18:0;3-26:0;2,0,0,0,0,0,0,0,0,0,0,0,0,0,0,0,0
Cer 20:0;3-26:0;1,0,0,0.022603606,0.018132101,0.023015653,0.003395002,0.032173669,0.025516152,0,0,0,0,0,0,0,0
Cer 20:0;3-26:0;2,0,0,0,0,0,0,0,0,0,0,0,0,0,0,0,0
LIPC 18:0;3,0,0,0,0,0,0,0,0,0.016387949,0.0057878,0.001696114,0.000919741,0.028410784,0.000818388,0.003478901,0.000417517
IPC 18:0;2-16:0;0,0,0,0,0,0,0,0,0,0,0,0,0,0,0,0,0
IPC 18:0;3-16:0;0,0,0,0,0,0,0,0,0,0.544068777,0.04421975,0.240880028,0.011620025,0.268308971,0.014188501,0.247572356,0.009332883
IPC 18:0;3-16:0;1,0,0,0,0,0,0,0,0,0.071203505,0.006836352,0.079617443,7.84E-05,0.037120576,0.00183531,0.062647027,0.004947267
IPC 18:0;3-16:0;2,0,0,0,0,0,0,0,0,0,0,0,0,0,0,0,0
IPC 18:0;2-18:0;0,0,0,0,0,0,0,0,0,0,0,0,0,0,0,0,0
IPC 18:0;3-18:0;0,0,0,0,0,0,0,0,0,0.415977701,0.02919307,0.381782275,0.005982169,0.068069425,0.005721137,0.266651267,0.012993127
IPC 18:0;3-18:0;1,0,0,0,0,0,0,0,0,0.262899931,0.02904392,0.235600241,0.000701878,0.038804117,0.000567217,0.092748762,0.00951524
IPC 18:0;3-18:0;2,0,0,0,0,0,0,0,0,0,0,0,0,0,0,0,0
IPC 18:0;2-20:0;0,0,0,0,0,0,0,0.000611202,0.000864371,0,0,0,0,0,0,0,0
IPC 18:0;3-20:0;0,0,0,0,0,0,0,0,0,0.016852759,0.00432129,0.169607052,0.000915069,0.28531823,0.008561586,0.273194158,0.003096675
IPC 18:0;3-20:0;1,0,0,0,0,0,0,0,0,0.015401297,0.001357626,0.159651439,0.00630355,0.344976883,0.00640935,0.459495061,0.017104168
IPC 18:0;3-20:0;2,0,0,0,0,0,0,0,0,0,0,0,0,0,0,0,0
IPC 18:0;2-22:0;0,0,0,0,0,0,0,0,0,0,0,0,0,0,0,0,0
IPC 18:0;3-22:0;0,0,0,0,0,0,0,0,0,0.000935915,0.001323583,0,0,2.085059487,0.014567234,1.158883555,0.009666701
IPC 18:0;3-22:0;1,0,0,0,0,0,0,0,0,0,0,0.011975482,0.000212246,4.176778898,0.08931971,3.762777976,0.014402152
IPC 18:0;3-22:0;2,0,0,0,0,0,0,0,0,0,0,0,0,0.029972785,0.00085793,0.04613713,0.000351748
IPC 18:0;3-24:0;0,0,0,0,0,0.004220736,0.0031811,0,0,0.092874935,0.004254202,0.066240031,0.005262417,0.132475689,0.00278141,0.907387401,0.009358739
IPC 18:0;3-24:0;1,0.092619266,0.005436677,0.0521241,0.009236921,0.268591308,0.008606671,0.041382398,0.003167445,0.237742142,0.007247416,0.323954617,0.008871956,0.330489751,0.00058497,2.386949247,0.047175956
IPC 18:0;3-24:0;2,0,0,0,0,0,0,0,0,0,0,0.0171045,0.005600139,0.007773439,0.010993303,0.035265488,0.003680914
IPC 18:0;3-26:0;0,0.047470618,0.000547973,0.092333412,0.007364749,0.144405369,0.004151355,0.083904247,0.00456602,0.098308739,0.004199039,0.169894481,0.007458978,0.005288437,0.001205705,0,0
IPC 20:0;3-24:0;0,0,0,0,0,0,0,0,0,0,0,0,0,0,0,0.02736838,0.002370263
IPC 18:0;3-26:0;1,0.633847672,0.018740923,1.116967053,0.102415057,2.281802609,0.026349642,0.98122665,0.007911273,0.291509744,0.000315223,1.037225487,0.010082931,0,0,0,0
IPC 20:0;3-24:0;1,0,0,0,0,0,0,0,0,0,0,0,0,0,0,0.125818552,0.000971471
IPC 18:0;3-26:0;2,0.087407398,0.001384238,0.432930667,0.050498994,0.296976717,0.003313809,0.430904736,0.019912546,0.033916965,0.002166925,0.127650358,0.008124076,0,0,0,0
IPC 20:0;3-26:0;0,0,0,0.044015852,0.00842101,0.020925864,0.002792394,0.04446117,0.004760439,0,0,0.017612737,0.005778088,0,0,0,0
IPC 20:0;3-26:0;1,0.003942776,0.005575927,0.386289809,0.034569509,0.306642073,0.009746716,0.46520892,0.007127434,0,0,0.128817137,0.002275919,0,0,0,0
IPC 20:0;3-26:0;2,0,0,0.010690365,0.004867652,0,0,0.005647747,0.007987121,0,0,0,0,0,0,0,0
MIPC 18:0;2-16:0;0,0,0,0,0,0,0,0,0,0,0,0,0,0,0,0,0
MIPC 18:0;3-16:0;0,0,0,0,0,0,0,0,0,0,0,0,0,0,0,0,0
MIPC 18:0;3-16:0;1,0,0,0,0,0,0,0,0,0,0,0,0,0,0,0,0
MIPC 18:0;3-16:0;2,0,0,0,0,0,0,0,0,0,0,0,0,0,0,0,0
MIPC 18:0;2-18:0;0,0,0,0,0,0,0,0,0,0,0,0,0,0,0,0,0
MIPC 18:0;3-18:0;0,0,0,0,0,0,0,0,0,0,0,0,0,0,0,0,0
MIPC 18:0;3-18:0;1,0,0,0,0,0,0,0,0,0,0,0,0,0,0,0,0
MIPC 18:0;3-18:0;2,0,0,0,0,0,0,0,0,0,0,0,0,0,0,0,0
MIPC 18:0;2-20:0;0,0,0,0,0,0,0,0,0,0,0,0,0,0,0,0,0
MIPC 18:0;3-20:0;0,0,0,0,0,0,0,0,0,0,0,0,0,0,0,0,0
MIPC 18:0;3-20:0;1,0,0,0,0,0,0,0,0,0,0,0,0,0,0,0,0
MIPC 18:0;3-20:0;2,0,0,0,0,0,0,0,0,0,0,0,0,0,0,0,0
MIPC 18:0;2-22:0;0,0,0,0,0,0,0,0,0,0,0,0,0,0,0,0,0
MIPC 18:0;3-22:0;0,0,0,0,0,0,0,0,0,0,0,0,0,0,0,0,0
MIPC 18:0;3-22:0;1,0,0,0,0,0,0,0,0,0,0,0,0,0.091245068,0.004386684,0.121998397,0.006301462
MIPC 18:0;3-22:0;2,0,0,0,0,0,0,0,0,0,0,0.001728872,0.002444995,0,0,0,0
MIPC 18:0;3-24:0;0,0,0,0,0,0.002084792,0.002948341,0,0,0,0,0,0,0,0,0,0
MIPC 18:0;3-24:0;1,0.006053205,0.008560525,0,0,0,0,0,0,0,0,0.030127323,0.011016278,0.035219262,0.006649471,0.100603064,0.011379231
MIPC 18:0;3-24:0;2,0,0,0,0,0,0,0,0,0,0,0,0,0,0,0,0
MIPC 18:0;3-26:0;0,0.075070008,0.007024947,0.032244178,0.045600154,0.053299367,0.075376688,0.034174757,0.007259417,0.003045992,0.004307683,0.102965811,0.000694026,0,0,0,0
MIPC 20:0;3-24:0;0,0,0,0,0,0,0,0,0,0,0,0,0,0,0,0,0
MIPC 18:0;3-26:0;1,1.545459247,0.00048374,1.035646459,0.048174276,2.109194048,0.040715703,1.006437871,0.009804346,0.095017021,0.004598098,1.095031905,0.029172588,0,0,0,0
MIPC 20:0;3-24:0;1,0,0,0,0,0,0,0,0,0,0,0,0,0,0,0,0
MIPC 18:0;3-26:0;2,0,0,0.138730964,0.007292258,0,0,0.149747767,0.005403533,0,0,0,0,0,0,0,0
MIPC 20:0;3-26:0;0,0,0,0.00260717,0.003687095,0,0,0.008924049,0.01262051,0,0,0.019565216,0.014590638,0,0,0,0
MIPC 20:0;3-26:0;1,0,0,0.527955786,0.007604757,0.177224243,0.013066513,0.682380362,0.0260066,0,0,0.335869391,0.005440277,0,0,0,0
MIPC 20:0;3-26:0;2,0,0,0,0,0,0,0,0,0,0,0,0,0,0,0,0
M(IP)2C 18:0;2-16:0;0,0,0,0,0,0,0,0,0,0,0,0,0,0,0,0,0
M(IP)2C 18:0;3-16:0;0,0,0,0,0,0,0,0,0,0,0,0,0,0,0,0,0
M(IP)2C 18:0;3-16:0;1,0,0,0,0,0,0,0,0,0,0,0.00075084,0.001061848,0,0,0,0
M(IP)2C 18:0;3-16:0;2,0,0,0,0,0,0,0,0,0,0,0,0,0,0,0,0
M(IP)2C 18:0;2-18:0;0,0,0,0,0,0,0,0,0,0,0,0,0,0,0,0,0
M(IP)2C 18:0;3-18:0;0,0,0,0,0,0,0,0,0,0,0,0,0,0,0,0,0
M(IP)2C 18:0;3-18:0;1,0,0,0,0,0,0,0,0,0,0,0.000865051,0.001223367,0,0,0,0
M(IP)2C 18:0;3-18:0;2,0,0,0,0,0,0,0,0,0,0,0,0,0,0,0,0
M(IP)2C 18:0;2-20:0;0,0,0,0,0,0,0,0,0,0,0,0,0,0,0,0.000970885,0.001373039
M(IP)2C 18:0;3-20:0;0,0,0,0,0,0,0,0,0,0,0,0,0,0.031981772,0.008228878,0.010038908,0.004315485
M(IP)2C 18:0;3-20:0;1,0,0,0,0,0,0,0,0,0,0,0,0,0.040442361,0.002235359,0.043746433,0.010424656
M(IP)2C 18:0;3-20:0;2,0,0,0,0,0,0,0,0,0,0,0,0,0,0,0,0
M(IP)2C 18:0;2-22:0;0,0,0,0,0,0,0,0,0,0,0,0,0,0.001960091,0.002771987,0.009703261,0.001234084
M(IP)2C 18:0;3-22:0;0,0,0,0,0,0,0,0,0,0,0,0,0,0.30067361,0.007747702,0.17912367,0.002962402
M(IP)2C 18:0;3-22:0;1,0,0,0,0,0,0,0,0,0,0,0,0,0.654793286,0.002689681,0.583173179,0.017441136
M(IP)2C 18:0;3-22:0;2,0,0,0,0,0,0,0,0,0,0,0,0,0,0,0,0
M(IP)2C 18:0;3-24:0;0,0.003566416,0.001138997,0,0,0.038821456,0.003160544,0,0,0.075038261,0.005281403,0.002716153,0.003841221,0.218837752,0.00857544,0.317473632,0.001518062
M(IP)2C 18:0;3-24:0;1,0.065628085,0.003789145,0.002159943,0.00305462,0.133434575,0.007358229,0.003591693,0.000625251,0.223623486,0.006683487,0.116341319,0.009076922,0.766283836,0.008702015,1.046861842,0.01624134
M(IP)2C 18:0;3-24:0;2,0,0,0,0,0,0,0,0,0,0,0,0,0,0,0,0
M(IP)2C 18:0;3-26:0;0,0.5825666,0.026926159,0.331180034,0.004685917,1.141697818,0.017986326,0.266712329,0.036966293,1.434001335,0.027838546,0.546911378,0.025073732,0,0,0,0
M(IP)2C 20:0;3-24:0;0,0,0,0,0,0,0,0,0,0,0,0,0,0.002115735,0.002992101,0.079311396,0.000873789
M(IP)2C 18:0;3-26:0;1,8.892846944,0.517335177,4.395828381,0.1858601,16.6662511,0.506182134,3.735862535,0.318284169,5.255554091,0.252728895,4.126690819,0.132743324,0,0,0,0
M(IP)2C 20:0;3-24:0;1,0,0,0,0,0,0,0,0,0,0,0,0,0.035538982,0.007851367,0.485612506,0.016469239
M(IP)2C 18:0;3-26:0;2,0.048040142,0.002469565,0.129259999,0.002622739,0.103046615,0.005658016,0.112574003,0.014711744,0.013732091,0.00077376,0.03358849,0.010096186,0,0,0,0
M(IP)2C 20:0;3-26:0;0,0.011098124,0.00442815,0.313731744,0.024301499,0.062478184,0.006090393,0.309037443,0.039391887,0.051283507,6.97E-05,0.39009507,0.003497044,0,0,0,0
M(IP)2C 20:0;3-26:0;1,0.168074494,0.005139456,3.009943375,0.132456123,0.63311024,0.015703718,3.261027303,0.280678894,0.129623023,0.001473286,1.758359883,0.090339124,0,0,0,0
M(IP)2C 20:0;3-26:0;2,0,0,0.004668882,0.002710815,0,0,0.006979687,0.001768572,0,0,0,0,0,0,0,0
Ergosterol,11.97897988,0.250228494,13.17956629,0.666692712,12.63928383,0.01167972,12.79827778,1.225047343,10.90594269,0.612963059,13.75242242,0.196105826,9.073910884,0.071253338,12.27311284,0.230601352
Ergostadienol,2.355172319,0.052465971,0,0,1.085489114,1.535113427,0,0,0,0,0,0,1.685824114,0.039881685,0,0
